run	selected_residues	selected_atoms	cap_atoms	protein_charge	ligand_charge	complex_charge	ligand_rotors	docking_affinity_kcal_mol	e_complex_kcal_mol	e_protein_kcal_mol	e_ligand_kcal_mol	dE_bind_kcal_mol	entropy_penalty_kcal_mol	interaction_scale	dG_bind_kcal_mol
p00533kd_ire_g719s-t790m_3ug2-37b13a047214	48	501	132	-1	0	-1	9	-6.606	-769390.3054127113	-711238.3072661742	-58082.84385916639	-69.15428737081677	13.2	0.35	-11.004000579785872
p00533kd_ire_g719s_2ito-cb7bd10e047f	63	661	156	3	0	3	9	-6.97	-1003728.2098323482	-945572.1858020525	-58082.19695566529	-73.82707463032038	13.2	0.35	-12.639476120612134
p00533kd_ire_wt_2ity-bdc25ac7f373	50	522	144	1	0	1	9	-6.989	-795162.3340149235	-736969.735923646	-58080.0361630063	-112.56192827117157	13.2	0.35	-26.19667489491004
p10721kd_b49ct_d816h_3g0f-91ef6b9ccc4b	42	428	108	1	0	1	11	-8.351	-665964.4282359544	-612186.58736366	-53652.55126496694	-125.28960732734485	14.8	0.35	-29.05136256457069
p10721kd_b49ct_d816v-5e237c989423	46	459	108	-1	0	-1	11	-8.506	-718843.9847242741	-665090.312281962	-53651.84497578625	-101.8274665259491	14.8	0.35	-20.839613284082183
p10721kd_b49ct_v560d-b10a61086766	49	531	144	-1	0	-1	11	-8.495	-809378.7566633062	-755647.8002569282	-53609.822235608044	-121.13417076988229	14.8	0.35	-27.596959769458792
p10721kd_b49ct_v560d-t670i-1bab0d852355	43	468	132	1	0	1	11	-8.802	-713194.1011878611	-659439.1523072105	-53655.927771389295	-99.02110926132747	14.8	0.35	-19.857388241464612
p10721kd_b49ct_wt_3g0e-d9d2a615a73c	48	488	120	-1	0	-1	11	-8.654	-759510.8857746577	-705756.662134872	-53640.612327798946	-113.61131198665333	14.8	0.35	-24.96395919532866
